BTC,code,address,total_received,total_sent,balance,unconfirmed_balance,final_balance,n_tx,unconfirmed_n_tx,final_n_tx
1F1tAaz5x1HUXrCNLbtMDqcw6o5GNn4xqX,0,1F1tAaz5x1HUXrCNLbtMDqcw6o5GNn4xqX,2967964479431,2967934007776,30471655,0,30471655,1830,0,1830
1PYzcz53HxXCFMKygNAsSdHXuhCx6ec2Y5,0,1PYzcz53HxXCFMKygNAsSdHXuhCx6ec2Y5,58507259,58507259,0,0,0,26,0,26
1PYzcz53HxXCFMKygNAsSdHXuhCx6ec2Y5,0,1PYzcz53HxXCFMKygNAsSdHXuhCx6ec2Y5,58507259,58507259,0,0,0,26,0,26
1F1tAaz5x1HUXrCNLbtMDqcw6o5GNn4xqX,0,1F1tAaz5x1HUXrCNLbtMDqcw6o5GNn4xqX,2967964479431,2967934007776,30471655,0,30471655,1830,0,1830
1PYzcz53HxXCFMKygNAsSdHXuhCx6ec2Y5,0,1PYzcz53HxXCFMKygNAsSdHXuhCx6ec2Y5,58507259,58507259,0,0,0,26,0,26
129NVRj7RxBpZsSzbmhAgsZZ1AidWuF828,0,129NVRj7RxBpZsSzbmhAgsZZ1AidWuF828,1988000,1949000,39000,0,39000,12,0,12
1F1tAaz5x1HUXrCNLbtMDqcw6o5GNn4xqX,0,1F1tAaz5x1HUXrCNLbtMDqcw6o5GNn4xqX,2967964479431,2967934007776,30471655,0,30471655,1830,0,1830
1BcsJid3oVmBSVF4tdQJEEHfkcnFLj6fjv,0,1BcsJid3oVmBSVF4tdQJEEHfkcnFLj6fjv,340200,340200,0,0,0,2,0,2
1F1tAaz5x1HUXrCNLbtMDqcw6o5GNn4xqX,0,1F1tAaz5x1HUXrCNLbtMDqcw6o5GNn4xqX,2967964479431,2967934007776,30471655,0,30471655,1830,0,1830
1PAiCX635zxNZNSkeKeqH6W85AZHBLWGAY,0,1PAiCX635zxNZNSkeKeqH6W85AZHBLWGAY,607076,607076,0,0,0,42,0,42
35C9Ly4pBDBL6SVkyFtKbSwWbKYX16yHih,0,35C9Ly4pBDBL6SVkyFtKbSwWbKYX16yHih,198138,198138,0,0,0,118,0,118
1A8D3FGVHqdGYnUnRchZtah6HuepcYespQ,0,1A8D3FGVHqdGYnUnRchZtah6HuepcYespQ,56292275,42214841,14077434,0,14077434,160,0,160
33cn2pd6DTf56XBiacChiCk5nyC5HU9w65,0,33cn2pd6DTf56XBiacChiCk5nyC5HU9w65,1254,1254,0,0,0,2,0,2
1KgPZAd98yRAgZwjn55BsS9pGbUFKj8ziX,0,1KgPZAd98yRAgZwjn55BsS9pGbUFKj8ziX,9072,9072,0,0,0,8,0,8
3CZAwnU59Ts32JJcMF1pJf3ew43j5jEuTS,0,3CZAwnU59Ts32JJcMF1pJf3ew43j5jEuTS,1000,1000,0,0,0,2,0,2
1FXmZevQcV15EDbjXwGh5Qf2yBiSFJg974,0,1FXmZevQcV15EDbjXwGh5Qf2yBiSFJg974,250063,250063,0,0,0,37,0,37
3819qnmziQ6fBPDca6sPW2C32Em6FCjg8w,0,3819qnmziQ6fBPDca6sPW2C32Em6FCjg8w,1179191,1179191,0,0,0,144,0,144
1F1tAaz5x1HUXrCNLbtMDqcw6o5GNn4xqX,0,1F1tAaz5x1HUXrCNLbtMDqcw6o5GNn4xqX,2967964479431,2967934007776,30471655,0,30471655,1830,0,1830
1MaiL5gfBM1cyb4a8e3iiL8L5gXmoAJu27,0,1MaiL5gfBM1cyb4a8e3iiL8L5gXmoAJu27,0,0,0,0,0,0,0,0
bc1qn8rsv3gw82ldyx2y7w5crf7mxkv6kt7eg3rzeq,0,bc1qn8rsv3gw82ldyx2y7w5crf7mxkv6kt7eg3rzeq,339000,339000,0,0,0,2,0,2
bc1qmyhkstfk5trd0eycpvu548wtsw70sj4rdnlx5w,0,bc1qmyhkstfk5trd0eycpvu548wtsw70sj4rdnlx5w,1004697291,1004697291,0,0,0,113,0,113
bc1q5chpw8560qvkn6z4wnlgvqw5u85lcutvdsua6y,0,bc1q5chpw8560qvkn6z4wnlgvqw5u85lcutvdsua6y,11046,11046,0,0,0,20,0,20
bc1q7ssrlr0my89mytwesrqltv273laxyrnmlhy79j,0,bc1q7ssrlr0my89mytwesrqltv273laxyrnmlhy79j,1000,0,1000,0,1000,1,0,1
bc1qvxx902lv2vcgvw3k0h4487cekrvgzfc6cxtenq,0,bc1qvxx902lv2vcgvw3k0h4487cekrvgzfc6cxtenq,33000966,33000966,0,0,0,2,0,2
bc1qdehkush6s5y553hxlrgd3ly6ufh89nm89x4l56,0,bc1qdehkush6s5y553hxlrgd3ly6ufh89nm89x4l56,32689886,32689886,0,0,0,2,0,2
bc1p8denc9m4sqe9hluasrvxkkdqgkydrk5ctxre5nkk4qwdvefn0sdsc6eqxe,0,bc1p8denc9m4sqe9hluasrvxkkdqgkydrk5ctxre5nkk4qwdvefn0sdsc6eqxe,20000,20000,0,0,0,4,0,4
